{"stats":{"minecraft:picked_up":{"minecraft:crafting_table":2,"minecraft:raw_iron":24,"minecraft:torch":2,"minecraft:dripstone_block":16,"minecraft:oak_log":6,"minecraft:pointed_dripstone":2,"minecraft:spruce_log":2,"minecraft:bone":4,"minecraft:arrow":4,"minecraft:rotten_flesh":3,"minecraft:cobbled_deepslate":21,"minecraft:coal":31,"minecraft:cobblestone":18,"minecraft:furnace":2},"minecraft:mined":{"minecraft:furnace":2,"minecraft:iron_ore":21,"minecraft:spruce_log":2,"minecraft:crafting_table":2,"minecraft:torch":3,"minecraft:oak_log":6,"minecraft:coal_ore":15,"minecraft:deepslate_iron_ore":3,"minecraft:spruce_leaves":5,"minecraft:stone":16,"minecraft:deepslate":21},"minecraft:custom":{"minecraft:time_since_rest":1693,"minecraft:interact_with_furnace":22,"minecraft:sprint_one_cm":59106,"minecraft:damage_taken":240,"minecraft:walk_one_cm":29602,"minecraft:damage_blocked_by_shield":365,"minecraft:mob_kills":8,"minecraft:drop":2,"minecraft:damage_dealt":1646,"minecraft:swim_one_cm":2621,"minecraft:interact_with_crafting_table":15,"minecraft:fly_one_cm":43541,"minecraft:crouch_one_cm":775,"minecraft:play_time":18622,"minecraft:deaths":1,"minecraft:sneak_time":424,"minecraft:walk_under_water_one_cm":199,"minecraft:jump":319,"minecraft:leave_game":3,"minecraft:time_since_death":1661,"minecraft:walk_on_water_one_cm":1405,"minecraft:total_world_time":18622,"minecraft:fall_one_cm":9187},"minecraft:crafted":{"minecraft:oak_planks":24,"minecraft:iron_chestplate":1,"minecraft:iron_boots":1,"minecraft:shield":1,"minecraft:crafting_table":1,"minecraft:iron_axe":1,"minecraft:spruce_planks":8,"minecraft:stick":12,"minecraft:wooden_pickaxe":1,"minecraft:iron_ingot":21,"minecraft:stone_pickaxe":1,"minecraft:iron_pickaxe":1,"minecraft:furnace":1,"minecraft:torch":16,"minecraft:air":0},"minecraft:killed":{"minecraft:skeleton":2,"minecraft:zombie":5,"minecraft:creeper":1},"minecraft:dropped":{"minecraft:dripstone_block":8,"minecraft:pointed_dripstone":1},"minecraft:used":{"minecraft:iron_axe":38,"minecraft:stone_pickaxe":19,"minecraft:iron_pickaxe":44,"minecraft:wooden_pickaxe":16,"minecraft:shield":9,"minecraft:rotten_flesh":3,"minecraft:torch":17,"minecraft:cobblestone":4,"minecraft:crafting_table":2,"minecraft:furnace":2,"minecraft:dripstone_block":8,"minecraft:cobbled_deepslate":20,"minecraft:pointed_dripstone":1}},"DataVersion":3465}