{"stats":{"minecraft:picked_up":{"minecraft:crafting_table":1,"minecraft:spruce_log":4,"minecraft:dirt":13,"minecraft:cobblestone":7},"minecraft:mined":{"minecraft:grass_block":3,"minecraft:dirt":10,"minecraft:spruce_log":4,"minecraft:stone":7,"minecraft:crafting_table":1,"minecraft:fern":1},"minecraft:custom":{"minecraft:time_since_rest":6610,"minecraft:crouch_one_cm":527,"minecraft:play_time":6610,"minecraft:sprint_one_cm":9046,"minecraft:damage_taken":10,"minecraft:walk_one_cm":7271,"minecraft:sneak_time":366,"minecraft:jump":79,"minecraft:leave_game":2,"minecraft:time_since_death":6610,"minecraft:walk_on_water_one_cm":1406,"minecraft:total_world_time":6610,"minecraft:interact_with_crafting_table":5,"minecraft:fall_one_cm":1858,"minecraft:fly_one_cm":18107},"minecraft:crafted":{"minecraft:stone_axe":1,"minecraft:crafting_table":1,"minecraft:spruce_planks":16,"minecraft:stick":8,"minecraft:stone_pickaxe":1,"minecraft:wooden_pickaxe":1},"minecraft:used":{"minecraft:stone_axe":1,"minecraft:crafting_table":1,"minecraft:wooden_pickaxe":7}},"DataVersion":3465}