{"stats":{"minecraft:crafted":{"minecraft:cooked_beef":7,"minecraft:crafting_table":3,"minecraft:spruce_planks":68,"minecraft:wooden_pickaxe":1,"minecraft:furnace":4,"minecraft:bucket":1,"minecraft:stone_axe":1,"minecraft:cooked_mutton":7,"minecraft:air":0,"minecraft:shield":1,"minecraft:iron_axe":1,"minecraft:ladder":6,"minecraft:stick":28,"minecraft:iron_ingot":21,"minecraft:iron_pickaxe":2,"minecraft:stone_pickaxe":1,"minecraft:chest":2,"minecraft:white_bed":1},"minecraft:picked_up":{"minecraft:crafting_table":5,"minecraft:ladder":7,"minecraft:andesite":6,"minecraft:leather":3,"minecraft:wooden_pickaxe":1,"minecraft:oak_log":26,"minecraft:lapis_lazuli":35,"minecraft:dirt":75,"minecraft:string":2,"minecraft:raw_copper":16,"minecraft:bone":2,"minecraft:wheat_seeds":5,"minecraft:cobbled_deepslate":1,"minecraft:spruce_planks":97,"minecraft:beef":10,"minecraft:stone_pickaxe":1,"minecraft:sugar_cane":13,"minecraft:furnace":4,"minecraft:stick":4,"minecraft:raw_iron":57,"minecraft:porkchop":7,"minecraft:spruce_sapling":4,"minecraft:spruce_log":29,"minecraft:arrow":1,"minecraft:rotten_flesh":2,"minecraft:diamond":2,"minecraft:stone_axe":1,"minecraft:granite":116,"minecraft:black_wool":2,"minecraft:mutton":15,"minecraft:coal":155,"minecraft:white_wool":8,"minecraft:cobblestone":265},"minecraft:dropped":{"minecraft:wheat_seeds":3,"minecraft:rotten_flesh":2},"minecraft:broken":{"minecraft:iron_pickaxe":1},"minecraft:custom":{"minecraft:interact_with_furnace":36,"minecraft:mob_kills":30,"minecraft:interact_with_crafting_table":21,"minecraft:leave_game":3,"minecraft:time_since_death":98640,"minecraft:climb_one_cm":2269,"minecraft:time_since_rest":98673,"minecraft:sprint_one_cm":123488,"minecraft:damage_taken":1030,"minecraft:walk_one_cm":152096,"minecraft:damage_blocked_by_shield":115,"minecraft:drop":4,"minecraft:damage_dealt":3802,"minecraft:swim_one_cm":26062,"minecraft:fly_one_cm":182196,"minecraft:open_chest":1,"minecraft:crouch_one_cm":17160,"minecraft:play_time":118035,"minecraft:deaths":1,"minecraft:sneak_time":7885,"minecraft:walk_under_water_one_cm":33801,"minecraft:jump":1587,"minecraft:walk_on_water_one_cm":7274,"minecraft:total_world_time":118035,"minecraft:fall_one_cm":32724},"minecraft:used":{"minecraft:cooked_mutton":7,"minecraft:water_bucket":4,"minecraft:stone_pickaxe":117,"minecraft:ladder":13,"minecraft:chest":2,"minecraft:wooden_pickaxe":7,"minecraft:shield":3,"minecraft:dirt":56,"minecraft:crafting_table":6,"minecraft:white_bed":1,"minecraft:granite":33,"minecraft:iron_axe":38,"minecraft:iron_pickaxe":419,"minecraft:stone_axe":65,"minecraft:cobblestone":167,"minecraft:furnace":7,"minecraft:bucket":4,"minecraft:cooked_beef":4},"minecraft:killed_by":{"minecraft:creeper":1},"minecraft:mined":{"minecraft:deepslate_diamond_ore":2,"minecraft:crafting_table":5,"minecraft:ladder":1,"minecraft:granite":116,"minecraft:grass_block":9,"minecraft:copper_ore":4,"minecraft:cobblestone":50,"minecraft:spruce_leaves":8,"minecraft:lapis_ore":6,"minecraft:sugar_cane":6,"minecraft:large_fern":1,"minecraft:furnace":4,"minecraft:iron_ore":57,"minecraft:spruce_log":29,"minecraft:andesite":6,"minecraft:deepslate_lapis_ore":1,"minecraft:grass":20,"minecraft:oak_log":26,"minecraft:coal_ore":70,"minecraft:dirt":23,"minecraft:stone":219,"minecraft:oak_leaves":1,"minecraft:deepslate":1,"minecraft:fern":2},"minecraft:killed":{"minecraft:pig":5,"minecraft:spider":3,"minecraft:creeper":1,"minecraft:skeleton":1,"minecraft:sheep":10,"minecraft:zombie":5,"minecraft:cow":5}},"DataVersion":3465}