{"stats":{"minecraft:crafted":{"minecraft:cooked_beef":3,"minecraft:oak_planks":20,"minecraft:wooden_shovel":1,"minecraft:cooked_porkchop":7,"minecraft:crafting_table":2,"minecraft:spruce_planks":48,"minecraft:wooden_pickaxe":1,"minecraft:furnace":1,"minecraft:stone_axe":1,"minecraft:cooked_mutton":6,"minecraft:air":0,"minecraft:stick":24,"minecraft:iron_ingot":36,"minecraft:iron_pickaxe":1,"minecraft:stone_pickaxe":3,"minecraft:stone_sword":1,"minecraft:torch":12},"minecraft:picked_up":{"minecraft:crafting_table":3,"minecraft:leather":4,"minecraft:wooden_pickaxe":2,"minecraft:flint":2,"minecraft:oak_log":5,"minecraft:string":4,"minecraft:dirt":70,"minecraft:raw_copper":59,"minecraft:spruce_planks":57,"minecraft:stone_pickaxe":2,"minecraft:beef":2,"minecraft:wooden_shovel":1,"minecraft:sugar_cane":26,"minecraft:oak_planks":6,"minecraft:stick":2,"minecraft:raw_iron":3,"minecraft:torch":1,"minecraft:gravel":4,"minecraft:porkchop":14,"minecraft:spruce_sapling":8,"minecraft:diorite":2,"minecraft:spruce_log":12,"minecraft:stone_sword":1,"minecraft:rotten_flesh":5,"minecraft:stone_axe":2,"minecraft:black_wool":4,"minecraft:mutton":8,"minecraft:coal":158,"minecraft:white_wool":8,"minecraft:cobblestone":426},"minecraft:dropped":{"minecraft:stone_axe":1,"minecraft:stick":4,"minecraft:spruce_planks":97,"minecraft:stone_pickaxe":1,"minecraft:wooden_pickaxe":1},"minecraft:custom":{"minecraft:interact_with_furnace":12,"minecraft:mob_kills":3,"minecraft:interact_with_crafting_table":16,"minecraft:leave_game":1,"minecraft:time_since_death":40124,"minecraft:time_since_rest":40153,"minecraft:sprint_one_cm":258384,"minecraft:damage_taken":1225,"minecraft:walk_one_cm":99882,"minecraft:drop":6,"minecraft:damage_dealt":797,"minecraft:swim_one_cm":4743,"minecraft:fly_one_cm":235461,"minecraft:crouch_one_cm":41792,"minecraft:play_time":90403,"minecraft:deaths":2,"minecraft:sneak_time":9605,"minecraft:walk_under_water_one_cm":1510,"minecraft:jump":1218,"minecraft:walk_on_water_one_cm":3023,"minecraft:total_world_time":90403,"minecraft:fall_one_cm":37917},"minecraft:broken":{"minecraft:stone_pickaxe":3},"minecraft:used":{"minecraft:cooked_mutton":6,"minecraft:stone_sword":16,"minecraft:stone_pickaxe":396,"minecraft:wooden_pickaxe":12,"minecraft:wooden_shovel":3,"minecraft:torch":10,"minecraft:crafting_table":3,"minecraft:black_wool":1,"minecraft:iron_pickaxe":61,"minecraft:stone_axe":1,"minecraft:cobblestone":111,"minecraft:furnace":1,"minecraft:cooked_porkchop":3,"minecraft:cooked_beef":3},"minecraft:killed_by":{"minecraft:creeper":1},"minecraft:mined":{"minecraft:crafting_table":1,"minecraft:grass_block":3,"minecraft:tall_grass":6,"minecraft:copper_ore":15,"minecraft:cobblestone":30,"minecraft:diorite":1,"minecraft:wall_torch":1,"minecraft:iron_ore":3,"minecraft:grass":6,"minecraft:coal_ore":92,"minecraft:oak_log":5,"minecraft:gravel":1,"minecraft:stone":325,"minecraft:oak_leaves":1},"minecraft:killed":{"minecraft:zombie":2,"minecraft:cow":1}},"DataVersion":3465}